n,k,repetition,centers_compromised,expected_result,actual_result,matches_expected,time_seconds
10,3,1,0,Fail,Fail,True,1.1999982234556228e-06
10,3,1,1,Fail,Fail,True,0.0007402000010188203
10,3,1,2,Fail,Fail,True,0.0014931000005162787
10,3,1,3,Decrypt,Decrypt,True,0.0037493999989237636
10,3,1,4,Decrypt,Decrypt,True,0.0049462999995739665
10,3,1,5,Decrypt,Decrypt,True,0.0051314999982423615
10,3,1,6,Decrypt,Decrypt,True,0.006489499999588588
10,3,1,7,Decrypt,Decrypt,True,0.007972999999765307
10,3,1,8,Decrypt,Decrypt,True,0.009785499998542946
10,3,1,9,Decrypt,Decrypt,True,0.011429100002715131
10,3,1,10,Decrypt,Decrypt,True,0.01338450000184821
10,3,2,0,Fail,Fail,True,8.999995770864189e-07
10,3,2,1,Fail,Fail,True,0.0006314999991445802
10,3,2,2,Fail,Fail,True,0.0013698000002477784
10,3,2,3,Decrypt,Decrypt,True,0.0025922000022546854
10,3,2,4,Decrypt,Decrypt,True,0.0037688000011257827
10,3,2,5,Decrypt,Decrypt,True,0.005171000000700587
10,3,2,6,Decrypt,Decrypt,True,0.006463600002462044
10,3,2,7,Decrypt,Decrypt,True,0.007795900000928668
10,3,2,8,Decrypt,Decrypt,True,0.009477500003413297
10,3,2,9,Decrypt,Decrypt,True,0.011394199998903787
10,3,2,10,Decrypt,Decrypt,True,0.013497599997208454
10,3,3,0,Fail,Fail,True,3.9999940781854093e-07
10,3,3,1,Fail,Fail,True,0.0006066999994800426
10,3,3,2,Fail,Fail,True,0.0015277999991667457
10,3,3,3,Decrypt,Decrypt,True,0.002504899999621557
10,3,3,4,Decrypt,Decrypt,True,0.003596099999413127
10,3,3,5,Decrypt,Decrypt,True,0.004861500001425156
10,3,3,6,Decrypt,Decrypt,True,0.006330500000331085
10,3,3,7,Decrypt,Decrypt,True,0.007959399998071603
10,3,3,8,Decrypt,Decrypt,True,0.009545799999614246
10,3,3,9,Decrypt,Decrypt,True,0.011467199998151045
10,3,3,10,Decrypt,Decrypt,True,0.01344750000134809
10,3,4,0,Fail,Fail,True,4.00003045797348e-07
10,3,4,1,Fail,Fail,True,0.0006138999997347128
10,3,4,2,Fail,Fail,True,0.001542199999676086
10,3,4,3,Decrypt,Decrypt,True,0.002563399997598026
10,3,4,4,Decrypt,Decrypt,True,0.0036942000006092712
10,3,4,5,Decrypt,Decrypt,True,0.00492600000143284
10,3,4,6,Decrypt,Decrypt,True,0.006295399998634821
10,3,4,7,Decrypt,Decrypt,True,0.009185900002194103
10,3,4,8,Decrypt,Decrypt,True,0.011311799997201888
10,3,4,9,Decrypt,Decrypt,True,0.011704299999109935
10,3,4,10,Decrypt,Decrypt,True,0.013412299998890376
10,3,5,0,Fail,Fail,True,1.1000010999850929e-06
10,3,5,1,Fail,Fail,True,0.0006052999997336883
10,3,5,2,Fail,Fail,True,0.0015248999989125878
10,3,5,3,Decrypt,Decrypt,True,0.002499599999282509
10,3,5,4,Decrypt,Decrypt,True,0.0036344000000099186
10,3,5,5,Decrypt,Decrypt,True,0.004813800002011703
10,3,5,6,Decrypt,Decrypt,True,0.006412599999748636
10,3,5,7,Decrypt,Decrypt,True,0.0079187000010279
10,3,5,8,Decrypt,Decrypt,True,0.009501999997155508
10,3,5,9,Decrypt,Decrypt,True,0.01150459999917075
10,3,5,10,Decrypt,Decrypt,True,0.013384199999563862
10,3,6,0,Fail,Fail,True,1.1999982234556228e-06
10,3,6,1,Fail,Fail,True,0.0006269000004976988
10,3,6,2,Fail,Fail,True,0.0013444000032905024
10,3,6,3,Decrypt,Decrypt,True,0.002495400000043446
10,3,6,4,Decrypt,Decrypt,True,0.0036402000005182344
10,3,6,5,Decrypt,Decrypt,True,0.004938499998388579
10,3,6,6,Decrypt,Decrypt,True,0.006330099997285288
10,3,6,7,Decrypt,Decrypt,True,0.007986499997059582
10,3,6,8,Decrypt,Decrypt,True,0.009724999999889405
10,3,6,9,Decrypt,Decrypt,True,0.011505200000101468
10,3,6,10,Decrypt,Decrypt,True,0.013487399999576155
10,3,7,0,Fail,Fail,True,5.000001692678779e-07
10,3,7,1,Fail,Fail,True,0.0006232999985513743
10,3,7,2,Fail,Fail,True,0.0015371000008599367
10,3,7,3,Decrypt,Decrypt,True,0.0025314999984402675
10,3,7,4,Decrypt,Decrypt,True,0.0036395999995875172
10,3,7,5,Decrypt,Decrypt,True,0.004953100000420818
10,3,7,6,Decrypt,Decrypt,True,0.006374999997206032
10,3,7,7,Decrypt,Decrypt,True,0.011104400000476744
10,3,7,8,Decrypt,Decrypt,True,0.00959050000165007
10,3,7,9,Decrypt,Decrypt,True,0.011539400002220646
10,3,7,10,Decrypt,Decrypt,True,0.013509699998394353
10,3,8,0,Fail,Fail,True,8.00002453615889e-07
10,3,8,1,Fail,Fail,True,0.0006379000005836133
10,3,8,2,Fail,Fail,True,0.0017931000002135988
10,3,8,3,Decrypt,Decrypt,True,0.002960400001029484
10,3,8,4,Decrypt,Decrypt,True,0.004260999998223269
10,3,8,5,Decrypt,Decrypt,True,0.004997599997295765
10,3,8,6,Decrypt,Decrypt,True,0.006335199999739416
10,3,8,7,Decrypt,Decrypt,True,0.008974699998361757
10,3,8,8,Decrypt,Decrypt,True,0.010511999997106614
10,3,8,9,Decrypt,Decrypt,True,0.011321800000587245
10,3,8,10,Decrypt,Decrypt,True,0.013268999999127118
10,3,9,0,Fail,Fail,True,3.00002284348011e-07
10,3,9,1,Fail,Fail,True,0.0005952999999863096
10,3,9,2,Fail,Fail,True,0.0014974999976402614
10,3,9,3,Decrypt,Decrypt,True,0.0025237999980163295
10,3,9,4,Decrypt,Decrypt,True,0.003633500000432832
10,3,9,5,Decrypt,Decrypt,True,0.004713900001661386
10,3,9,6,Decrypt,Decrypt,True,0.006293899998127017
10,3,9,7,Decrypt,Decrypt,True,0.00770830000328715
10,3,9,8,Decrypt,Decrypt,True,0.009497499999270076
10,3,9,9,Decrypt,Decrypt,True,0.011232700002437923
10,3,9,10,Decrypt,Decrypt,True,0.01383939999868744
10,3,10,0,Fail,Fail,True,2.0000006770715117e-06
10,3,10,1,Fail,Fail,True,0.0012115999998059124
10,3,10,2,Fail,Fail,True,0.003825900002993876
10,3,10,3,Decrypt,Decrypt,True,0.004174699999566656
10,3,10,4,Decrypt,Decrypt,True,0.0037308999999368098
10,3,10,5,Decrypt,Decrypt,True,0.005113799998071045
10,3,10,6,Decrypt,Decrypt,True,0.006688499997835606
10,3,10,7,Decrypt,Decrypt,True,0.007995100000698585
10,3,10,8,Decrypt,Decrypt,True,0.00954009999986738
10,3,10,9,Decrypt,Decrypt,True,0.011914399998204317
10,3,10,10,Decrypt,Decrypt,True,0.014065600000321865
10,5,1,0,Fail,Fail,True,5.000001692678779e-07
10,5,1,1,Fail,Fail,True,0.0006060999985493254
10,5,1,2,Fail,Fail,True,0.0014909000019542873
10,5,1,3,Fail,Fail,True,0.002513600000384031
10,5,1,4,Fail,Fail,True,0.003588899999158457
10,5,1,5,Decrypt,Decrypt,True,0.004844299997785129
10,5,1,6,Decrypt,Decrypt,True,0.006327200000669109
10,5,1,7,Decrypt,Decrypt,True,0.007925400001113303
10,5,1,8,Decrypt,Decrypt,True,0.009643500001402572
10,5,1,9,Decrypt,Decrypt,True,0.012287400000786874
10,5,1,10,Decrypt,Decrypt,True,0.013344099999812897
10,5,2,0,Fail,Fail,True,3.9999940781854093e-07
10,5,2,1,Fail,Fail,True,0.0005997000007482711
10,5,2,2,Fail,Fail,True,0.0015079000004334375
10,5,2,3,Fail,Fail,True,0.0024431999991065823
10,5,2,4,Fail,Fail,True,0.004075400000147056
10,5,2,5,Decrypt,Decrypt,True,0.004932799998641713
10,5,2,6,Decrypt,Decrypt,True,0.006274199997278629
10,5,2,7,Decrypt,Decrypt,True,0.007878800002799835
10,5,2,8,Decrypt,Decrypt,True,0.009517399998003384
10,5,2,9,Decrypt,Decrypt,True,0.011285900000075344
10,5,2,10,Decrypt,Decrypt,True,0.013950000000477303
10,5,3,0,Fail,Fail,True,3.1999989005271345e-06
10,5,3,1,Fail,Fail,True,0.0016037999994296115
10,5,3,2,Fail,Fail,True,0.0035126999973726925
10,5,3,3,Fail,Fail,True,0.0025963999978557695
10,5,3,4,Fail,Fail,True,0.003918999998859363
10,5,3,5,Decrypt,Decrypt,True,0.004927199999656295
10,5,3,6,Decrypt,Decrypt,True,0.006340799998724833
10,5,3,7,Decrypt,Decrypt,True,0.007763999998132931
10,5,3,8,Decrypt,Decrypt,True,0.009560099999362137
10,5,3,9,Decrypt,Decrypt,True,0.011353300000337185
10,5,3,10,Decrypt,Decrypt,True,0.0133988000015961
10,5,4,0,Fail,Fail,True,5.000001692678779e-07
10,5,4,1,Fail,Fail,True,0.0006040999978722539
10,5,4,2,Fail,Fail,True,0.0015180000009422656
10,5,4,3,Fail,Fail,True,0.002508300000044983
10,5,4,4,Fail,Fail,True,0.0035860999996657483
10,5,4,5,Decrypt,Decrypt,True,0.004884599999058992
10,5,4,6,Decrypt,Decrypt,True,0.006297300002188422
10,5,4,7,Decrypt,Decrypt,True,0.007808599999407306
10,5,4,8,Decrypt,Decrypt,True,0.009410000002390007
10,5,4,9,Decrypt,Decrypt,True,0.011361200002284022
10,5,4,10,Decrypt,Decrypt,True,0.013476100000843871
10,5,5,0,Fail,Fail,True,7.00001692166552e-07
10,5,5,1,Fail,Fail,True,0.0006050999982107896
10,5,5,2,Fail,Fail,True,0.0015370000000984874
10,5,5,3,Fail,Fail,True,0.002515500000299653
10,5,5,4,Fail,Fail,True,0.003591900000174064
10,5,5,5,Decrypt,Decrypt,True,0.004860900000494439
10,5,5,6,Decrypt,Decrypt,True,0.006175999998959014
10,5,5,7,Decrypt,Decrypt,True,0.008051099997828715
10,5,5,8,Decrypt,Decrypt,True,0.010413800002424978
10,5,5,9,Decrypt,Decrypt,True,0.011524700003064936
10,5,5,10,Decrypt,Decrypt,True,0.013516600000002654
10,5,6,0,Fail,Fail,True,6.000009307172149e-07
10,5,6,1,Fail,Fail,True,0.0006382999999914318
10,5,6,2,Fail,Fail,True,0.001524999999674037
10,5,6,3,Fail,Fail,True,0.002463799999532057
10,5,6,4,Fail,Fail,True,0.0036636000004364178
10,5,6,5,Decrypt,Decrypt,True,0.004882799999904819
10,5,6,6,Decrypt,Decrypt,True,0.006226100002095336
10,5,6,7,Decrypt,Decrypt,True,0.007911599997896701
10,5,6,8,Decrypt,Decrypt,True,0.009576199998264201
10,5,6,9,Decrypt,Decrypt,True,0.011760699999285862
10,5,6,10,Decrypt,Decrypt,True,0.013640599998325342
10,5,7,0,Fail,Fail,True,6.000009307172149e-07
10,5,7,1,Fail,Fail,True,0.000629900001513306
10,5,7,2,Fail,Fail,True,0.0015372999987448566
10,5,7,3,Fail,Fail,True,0.002521900001738686
10,5,7,4,Fail,Fail,True,0.003969400000642054
10,5,7,5,Decrypt,Decrypt,True,0.009008200002426747
10,5,7,6,Decrypt,Decrypt,True,0.007052800003293669
10,5,7,7,Decrypt,Decrypt,True,0.007878300002630567
10,5,7,8,Decrypt,Decrypt,True,0.009804599998460617
10,5,7,9,Decrypt,Decrypt,True,0.011547199999768054
10,5,7,10,Decrypt,Decrypt,True,0.013613900002383161
10,5,8,0,Fail,Fail,True,7.999988156370819e-07
10,5,8,1,Fail,Fail,True,0.0006063000000722241
10,5,8,2,Fail,Fail,True,0.0012933999969391152
10,5,8,3,Fail,Fail,True,0.0024724000031710602
10,5,8,4,Fail,Fail,True,0.0035199000012653414
10,5,8,5,Decrypt,Decrypt,True,0.004804500000318512
10,5,8,6,Decrypt,Decrypt,True,0.006315799997537397
10,5,8,7,Decrypt,Decrypt,True,0.007825700002285885
10,5,8,8,Decrypt,Decrypt,True,0.009606699997675605
10,5,8,9,Decrypt,Decrypt,True,0.011383299999579322
10,5,8,10,Decrypt,Decrypt,True,0.013348700002097758
10,5,9,0,Fail,Fail,True,5.000001692678779e-07
10,5,9,1,Fail,Fail,True,0.0006193000008352101
10,5,9,2,Fail,Fail,True,0.0014626000011048745
10,5,9,3,Fail,Fail,True,0.002493199997843476
10,5,9,4,Fail,Fail,True,0.0036581999993359204
10,5,9,5,Decrypt,Decrypt,True,0.0048749999987194315
10,5,9,6,Decrypt,Decrypt,True,0.006400500002200715
10,5,9,7,Decrypt,Decrypt,True,0.0077831999988120515
10,5,9,8,Decrypt,Decrypt,True,0.009486499999184161
10,5,9,9,Decrypt,Decrypt,True,0.011316800002532545
10,5,9,10,Decrypt,Decrypt,True,0.013333200000488432
10,5,10,0,Fail,Fail,True,1.0000003385357559e-06
10,5,10,1,Fail,Fail,True,0.0006396000026143156
10,5,10,2,Fail,Fail,True,0.0015134999994188547
10,5,10,3,Fail,Fail,True,0.002490900002158014
10,5,10,4,Fail,Fail,True,0.0036199000023771077
10,5,10,5,Decrypt,Decrypt,True,0.005337899998266948
10,5,10,6,Decrypt,Decrypt,True,0.006454700000176672
10,5,10,7,Decrypt,Decrypt,True,0.008080899999185931
10,5,10,8,Decrypt,Decrypt,True,0.009720300000481075
10,5,10,9,Decrypt,Decrypt,True,0.011616400002822047
10,5,10,10,Decrypt,Decrypt,True,0.014414299999771174
10,8,1,0,Fail,Fail,True,3.9999940781854093e-07
10,8,1,1,Fail,Fail,True,0.0006069999981264118
10,8,1,2,Fail,Fail,True,0.0016037999994296115
10,8,1,3,Fail,Fail,True,0.0024450999990222044
10,8,1,4,Fail,Fail,True,0.0038242999980866443
10,8,1,5,Fail,Fail,True,0.005115799998748116
10,8,1,6,Fail,Fail,True,0.006496000001789071
10,8,1,7,Fail,Fail,True,0.008017899999686051
10,8,1,8,Decrypt,Decrypt,True,0.009416199998668162
10,8,1,9,Decrypt,Decrypt,True,0.011499000000185333
10,8,1,10,Decrypt,Decrypt,True,0.013534800000343239
10,8,2,0,Fail,Fail,True,3.9999940781854093e-07
10,8,2,1,Fail,Fail,True,0.000601800002186792
10,8,2,2,Fail,Fail,True,0.001551999997900566
10,8,2,3,Fail,Fail,True,0.002582799999800045
10,8,2,4,Fail,Fail,True,0.0035678999993251637
10,8,2,5,Fail,Fail,True,0.004835299998376286
10,8,2,6,Fail,Fail,True,0.006271900001593167
10,8,2,7,Fail,Fail,True,0.007856500000343658
10,8,2,8,Decrypt,Decrypt,True,0.009587699998519383
10,8,2,9,Decrypt,Decrypt,True,0.01188229999752366
10,8,2,10,Decrypt,Decrypt,True,0.01344990000143298
10,8,3,0,Fail,Fail,True,5.000001692678779e-07
10,8,3,1,Fail,Fail,True,0.000601499999902444
10,8,3,2,Fail,Fail,True,0.001561499997478677
10,8,3,3,Fail,Fail,True,0.0025118999983533286
10,8,3,4,Fail,Fail,True,0.004002400000899797
10,8,3,5,Fail,Fail,True,0.004904599998553749
10,8,3,6,Fail,Fail,True,0.00682049999886658
10,8,3,7,Fail,Fail,True,0.007840000002033776
10,8,3,8,Decrypt,Decrypt,True,0.009461899997404544
10,8,3,9,Decrypt,Decrypt,True,0.011365399997885106
10,8,3,10,Decrypt,Decrypt,True,0.013184500003262656
10,8,4,0,Fail,Fail,True,4.00003045797348e-07
10,8,4,1,Fail,Fail,True,0.0006056999991415069
10,8,4,2,Fail,Fail,True,0.0014768000000913162
10,8,4,3,Fail,Fail,True,0.002440000000206055
10,8,4,4,Fail,Fail,True,0.0035747000001720153
10,8,4,5,Fail,Fail,True,0.004886899998382432
10,8,4,6,Fail,Fail,True,0.00617200000124285
10,8,4,7,Fail,Fail,True,0.007804199998645345
10,8,4,8,Decrypt,Decrypt,True,0.009494800000538817
10,8,4,9,Decrypt,Decrypt,True,0.011451600003056228
10,8,4,10,Decrypt,Decrypt,True,0.013345400002435781
10,8,5,0,Fail,Fail,True,2.999986463692039e-07
10,8,5,1,Fail,Fail,True,0.0005947999998170417
10,8,5,2,Fail,Fail,True,0.0014970000011089724
10,8,5,3,Fail,Fail,True,0.0024730000004637986
10,8,5,4,Fail,Fail,True,0.003545999999914784
10,8,5,5,Fail,Fail,True,0.004905699999653734
10,8,5,6,Fail,Fail,True,0.006177800001751166
10,8,5,7,Fail,Fail,True,0.007915900001535192
10,8,5,8,Decrypt,Decrypt,True,0.009485800001129974
10,8,5,9,Decrypt,Decrypt,True,0.011209700001927558
10,8,5,10,Decrypt,Decrypt,True,0.013352400001167553
10,8,6,0,Fail,Fail,True,3.9999940781854093e-07
10,8,6,1,Fail,Fail,True,0.000596199999563396
10,8,6,2,Fail,Fail,True,0.0014996999998402316
10,8,6,3,Fail,Fail,True,0.002457399998093024
10,8,6,4,Fail,Fail,True,0.0035464000029605813
10,8,6,5,Fail,Fail,True,0.004776500001753448
10,8,6,6,Fail,Fail,True,0.006214200002432335
10,8,6,7,Fail,Fail,True,0.008799800001725089
10,8,6,8,Decrypt,Decrypt,True,0.009515200003079372
10,8,6,9,Decrypt,Decrypt,True,0.011315100000501843
10,8,6,10,Decrypt,Decrypt,True,0.013299099999130704
10,8,7,0,Fail,Fail,True,3.9999940781854093e-07
10,8,7,1,Fail,Fail,True,0.0005958000001555774
10,8,7,2,Fail,Fail,True,0.001488699999754317
10,8,7,3,Fail,Fail,True,0.002563399997598026
10,8,7,4,Fail,Fail,True,0.0035723000000871252
10,8,7,5,Fail,Fail,True,0.0047677000002295244
10,8,7,6,Fail,Fail,True,0.006185700000060024
10,8,7,7,Fail,Fail,True,0.00861829999848851
10,8,7,8,Decrypt,Decrypt,True,0.009519400002318434
10,8,7,9,Decrypt,Decrypt,True,0.011755299998185365
10,8,7,10,Decrypt,Decrypt,True,0.013492699999915203
10,8,8,0,Fail,Fail,True,2.999986463692039e-07
10,8,8,1,Fail,Fail,True,0.000677499996527331
10,8,8,2,Fail,Fail,True,0.0015069000000949018
10,8,8,3,Fail,Fail,True,0.0024410999976680614
10,8,8,4,Fail,Fail,True,0.003574899998056935
10,8,8,5,Fail,Fail,True,0.004798900001333095
10,8,8,6,Fail,Fail,True,0.006250400001590606
10,8,8,7,Fail,Fail,True,0.0076705999999830965
10,8,8,8,Decrypt,Decrypt,True,0.009352599998237565
10,8,8,9,Decrypt,Decrypt,True,0.01132089999737218
10,8,8,10,Decrypt,Decrypt,True,0.013335799998458242
10,8,9,0,Fail,Fail,True,5.000001692678779e-07
10,8,9,1,Fail,Fail,True,0.0006167999999888707
10,8,9,2,Fail,Fail,True,0.0013192000005801674
10,8,9,3,Fail,Fail,True,0.0025907999988703523
10,8,9,4,Fail,Fail,True,0.003528299999743467
10,8,9,5,Fail,Fail,True,0.004806299999472685
10,8,9,6,Fail,Fail,True,0.006342699998640455
10,8,9,7,Fail,Fail,True,0.007777700000588084
10,8,9,8,Decrypt,Decrypt,True,0.009548500001983484
10,8,9,9,Decrypt,Decrypt,True,0.011344300000928342
10,8,9,10,Decrypt,Decrypt,True,0.013172099999792408
10,8,10,0,Fail,Fail,True,4.00003045797348e-07
10,8,10,1,Fail,Fail,True,0.0005915000001550652
10,8,10,2,Fail,Fail,True,0.0014898000008543022
10,8,10,3,Fail,Fail,True,0.0024741999986872543
10,8,10,4,Fail,Fail,True,0.003554699997039279
10,8,10,5,Fail,Fail,True,0.004891100001259474
10,8,10,6,Fail,Fail,True,0.006239300000743242
10,8,10,7,Fail,Fail,True,0.007773400000587571
10,8,10,8,Decrypt,Decrypt,True,0.00947939999969094
10,8,10,9,Decrypt,Decrypt,True,0.011343899997882545
10,8,10,10,Decrypt,Decrypt,True,0.014168800000334159
10,10,1,0,Fail,Fail,True,3.9999940781854093e-07
10,10,1,1,Fail,Fail,True,0.0006238999994820915
10,10,1,2,Fail,Fail,True,0.0014991000025474932
10,10,1,3,Fail,Fail,True,0.0025138999990304
10,10,1,4,Fail,Fail,True,0.0037169999995967373
10,10,1,5,Fail,Fail,True,0.004889499999990221
10,10,1,6,Fail,Fail,True,0.006202399999892805
10,10,1,7,Fail,Fail,True,0.00778800000261981
10,10,1,8,Fail,Fail,True,0.009520999999949709
10,10,1,9,Fail,Fail,True,0.0115096999979869
10,10,1,10,Decrypt,Decrypt,True,0.01367009999739821
10,10,2,0,Fail,Fail,True,2.999986463692039e-07
10,10,2,1,Fail,Fail,True,0.000603899999987334
10,10,2,2,Fail,Fail,True,0.0016022000017983373
10,10,2,3,Fail,Fail,True,0.0024738000029174145
10,10,2,4,Fail,Fail,True,0.0035518000004231
10,10,2,5,Fail,Fail,True,0.0048480000004929025
10,10,2,6,Fail,Fail,True,0.006258699999307282
10,10,2,7,Fail,Fail,True,0.007823699997970834
10,10,2,8,Fail,Fail,True,0.009545000000798609
10,10,2,9,Fail,Fail,True,0.011377599999832455
10,10,2,10,Decrypt,Decrypt,True,0.013443499999993946
10,10,3,0,Fail,Fail,True,4.00003045797348e-07
10,10,3,1,Fail,Fail,True,0.0006237999987206422
10,10,3,2,Fail,Fail,True,0.001500599999417318
10,10,3,3,Fail,Fail,True,0.002659900001162896
10,10,3,4,Fail,Fail,True,0.003509399997710716
10,10,3,5,Fail,Fail,True,0.004801299997780006
10,10,3,6,Fail,Fail,True,0.006319100000837352
10,10,3,7,Fail,Fail,True,0.007723200000327779
10,10,3,8,Fail,Fail,True,0.009667499998613494
10,10,3,9,Fail,Fail,True,0.011476200001197867
10,10,3,10,Decrypt,Decrypt,True,0.013481799996952759
10,10,4,0,Fail,Fail,True,2.999986463692039e-07
10,10,4,1,Fail,Fail,True,0.0006460000004153699
10,10,4,2,Fail,Fail,True,0.0014910999998392072
10,10,4,3,Fail,Fail,True,0.0024451999997836538
10,10,4,4,Fail,Fail,True,0.003613799999584444
10,10,4,5,Fail,Fail,True,0.004948599998897407
10,10,4,6,Fail,Fail,True,0.006279100001847837
10,10,4,7,Fail,Fail,True,0.008221000000048662
10,10,4,8,Fail,Fail,True,0.00952060000054189
10,10,4,9,Fail,Fail,True,0.011562200001208112
10,10,4,10,Decrypt,Decrypt,True,0.013535499998397427
10,10,5,0,Fail,Fail,True,5.000001692678779e-07
10,10,5,1,Fail,Fail,True,0.0006671000010101125
10,10,5,2,Fail,Fail,True,0.0015406999991682824
10,10,5,3,Fail,Fail,True,0.0028364999998302665
10,10,5,4,Fail,Fail,True,0.0040793000007397495
10,10,5,5,Fail,Fail,True,0.004945600001519779
10,10,5,6,Fail,Fail,True,0.006667800000286661
10,10,5,7,Fail,Fail,True,0.008036999999603722
10,10,5,8,Fail,Fail,True,0.009859199999482371
10,10,5,9,Fail,Fail,True,0.011491100001876475
10,10,5,10,Decrypt,Decrypt,True,0.0135852999992494
10,10,6,0,Fail,Fail,True,6.000009307172149e-07
10,10,6,1,Fail,Fail,True,0.0006068999973649625
10,10,6,2,Fail,Fail,True,0.0015505000010307413
10,10,6,3,Fail,Fail,True,0.002466999998432584
10,10,6,4,Fail,Fail,True,0.00355919999856269
10,10,6,5,Fail,Fail,True,0.004806699998880504
10,10,6,6,Fail,Fail,True,0.006247799999982817
10,10,6,7,Fail,Fail,True,0.00789230000009411
10,10,6,8,Fail,Fail,True,0.009882400001515634
10,10,6,9,Fail,Fail,True,0.01198570000269683
10,10,6,10,Decrypt,Decrypt,True,0.013731900002312614
10,10,7,0,Fail,Fail,True,3.00002284348011e-07
10,10,7,1,Fail,Fail,True,0.0005956000022706576
10,10,7,2,Fail,Fail,True,0.0015129999992495868
10,10,7,3,Fail,Fail,True,0.002712400000746129
10,10,7,4,Fail,Fail,True,0.003570099997887155
10,10,7,5,Fail,Fail,True,0.00487020000218763
10,10,7,6,Fail,Fail,True,0.006271199999901
10,10,7,7,Fail,Fail,True,0.0077774000019417144
10,10,7,8,Fail,Fail,True,0.009529599999950733
10,10,7,9,Fail,Fail,True,0.011783699999796227
10,10,7,10,Decrypt,Decrypt,True,0.01379839999935939
10,10,8,0,Fail,Fail,True,1.6999983927235007e-06
10,10,8,1,Fail,Fail,True,0.0006472999994002748
10,10,8,2,Fail,Fail,True,0.0016292999971483368
10,10,8,3,Fail,Fail,True,0.0027031999998143874
10,10,8,4,Fail,Fail,True,0.003917699999874458
10,10,8,5,Fail,Fail,True,0.005121599999256432
10,10,8,6,Fail,Fail,True,0.007322100002056686
10,10,8,7,Fail,Fail,True,0.008505199999490287
10,10,8,8,Fail,Fail,True,0.013965999998617917
10,10,8,9,Fail,Fail,True,0.012732300001516705
10,10,8,10,Decrypt,Decrypt,True,0.014617900000303052
10,10,9,0,Fail,Fail,True,3.0000010156072676e-06
10,10,9,1,Fail,Fail,True,0.0006508999977086205
10,10,9,2,Fail,Fail,True,0.00160679999680724
10,10,9,3,Fail,Fail,True,0.0028037000010954216
10,10,9,4,Fail,Fail,True,0.004219900001771748
10,10,9,5,Fail,Fail,True,0.004923399999825051
10,10,9,6,Fail,Fail,True,0.007008299999142764
10,10,9,7,Fail,Fail,True,0.00806659999943804
10,10,9,8,Fail,Fail,True,0.009999499998230021
10,10,9,9,Fail,Fail,True,0.011750999998184852
10,10,9,10,Decrypt,Decrypt,True,0.013486700001521967
10,10,10,0,Fail,Fail,True,9.999967005569488e-07
10,10,10,1,Fail,Fail,True,0.0009170999983325601
10,10,10,2,Fail,Fail,True,0.0020017999995616265
10,10,10,3,Fail,Fail,True,0.002725599999394035
10,10,10,4,Fail,Fail,True,0.003820500001893379
10,10,10,5,Fail,Fail,True,0.004989300003217068
10,10,10,6,Fail,Fail,True,0.006448600001021987
10,10,10,7,Fail,Fail,True,0.007946400000946596
10,10,10,8,Fail,Fail,True,0.009671200001321267
10,10,10,9,Fail,Fail,True,0.011447400000179186
10,10,10,10,Decrypt,Decrypt,True,0.01349599999957718
