pdf_size_mb,run_id,n,k,puzzle_time_target_sec,ipfs_backend,centre_keygen_sec,puzzle_generation_sec,lock_wall_sec,lock_parse_sec,lock_keyderiv_sec,lock_encrypt_sec,lock_write_sec,outer_lock_sec,shamir_split_sec,centre_encryption_sec,ipfs_upload_sec,ipfs_fetch_sec,centre_reconstruction_sec,shamir_combine_sec,outer_decrypt_sec,solve_wall_sec,solve_parse_sec,solve_squaring_sec,solve_decrypt_sec,solve_write_sec,cleanup_sec,total_ipfs_bytes,wall_clock_total_sec,reconstruction_correct
1,1,10,8,2,simulated,0.007575,2.089167,0.077942,0.000925,0.000693,0.006621,0.026938,0.001278,0.003228,0.001389,0.000123,7.9e-05,0.000819,0.009157,0.00267,2.043139,0.005943,1.97103,0.010466,0.001539,0.003176,2100323,4.243686,True
1,2,10,8,2,simulated,0.000617,2.155112,0.061354,0.000975,0.000759,0.006501,0.011176,0.001034,0.003254,0.001149,6.5e-05,3.9e-05,0.0007,0.008929,0.000947,1.937966,0.002499,1.874384,0.010186,0.001702,0.003793,2100322,4.177046,True
1,3,10,8,2,simulated,0.000571,2.12644,0.07168,0.000945,0.000704,0.006312,0.024154,0.00093,0.003178,0.001006,7.2e-05,3.8e-05,0.000679,0.009291,0.001518,1.989293,0.001988,1.921717,0.011178,0.002462,0.006618,2100323,4.213531,True
1,4,10,8,2,simulated,0.000574,2.075462,0.06045,0.000855,0.000696,0.006346,0.013033,0.000948,0.003214,0.001001,6.7e-05,3.9e-05,0.000674,0.008852,0.000877,2.035431,0.00199,1.975061,0.010401,0.001657,0.003094,2100322,4.192816,True
1,5,10,8,2,simulated,0.000708,2.079989,0.06496,0.000825,0.000709,0.007245,0.012572,0.000925,0.003525,0.001188,6.2e-05,3.7e-05,0.000668,0.009281,0.001079,1.949719,0.001891,1.884945,0.010988,0.003424,0.005651,2100322,4.120063,True
5,1,10,8,2,simulated,0.000953,2.133082,0.103881,0.002991,0.000713,0.029362,0.023774,0.005362,0.003113,0.001052,6.2e-05,3.6e-05,0.000681,0.008901,0.005877,2.096119,0.009996,1.963106,0.059136,0.007131,0.010491,10488930,4.375791,True
5,2,10,8,2,simulated,0.000911,2.158421,0.112267,0.002522,0.000703,0.029913,0.031897,0.005203,0.003202,0.001023,7.2e-05,3.7e-05,0.000671,0.008967,0.005865,2.037967,0.009903,1.918114,0.051864,0.004274,0.004977,10488930,4.345004,True
5,3,10,8,2,simulated,0.0007,2.11245,0.114994,0.002604,0.000714,0.028987,0.035626,0.005232,0.003173,0.00101,7.1e-05,3.8e-05,0.000659,0.008872,0.004855,2.05247,0.009438,1.933064,0.051927,0.004414,0.005066,10488930,4.313993,True
5,4,10,8,2,simulated,0.000678,2.192629,0.142927,0.003614,0.000712,0.032835,0.028676,0.007062,0.00331,0.001366,9.6e-05,5.6e-05,0.000915,0.010166,0.007477,2.15934,0.018053,2.013161,0.050948,0.004247,0.00582,10488930,4.536497,True
5,5,10,8,2,simulated,0.001224,2.05814,0.111782,0.003036,0.000731,0.029464,0.027749,0.006577,0.004819,0.001428,9.3e-05,5e-05,0.000973,0.013724,0.006733,2.081895,0.0135,1.952103,0.051161,0.004432,0.004728,10488930,4.296472,True
10,1,10,8,2,simulated,0.000606,2.079745,0.160622,0.004764,0.00071,0.056248,0.041907,0.011313,0.003208,0.001021,7.6e-05,5.8e-05,0.000694,0.008956,0.010981,2.14383,0.021084,1.939073,0.103255,0.007091,0.007437,20974690,4.435001,True
10,2,10,8,2,simulated,0.000631,2.075044,0.161754,0.00493,0.000713,0.057845,0.042204,0.009654,0.003156,0.00102,8.2e-05,4.2e-05,0.000677,0.008906,0.010865,2.125547,0.019626,1.924857,0.103032,0.007672,0.007204,20974690,4.410406,True
10,3,10,8,2,simulated,0.000788,2.122247,0.157207,0.004832,0.000728,0.056629,0.041129,0.009718,0.003154,0.000991,6.3e-05,3.6e-05,0.000675,0.008817,0.009798,2.139976,0.019075,1.94101,0.103098,0.007309,0.006986,20974690,4.467016,True
10,4,10,8,2,simulated,0.000949,2.078375,0.159208,0.004496,0.000726,0.056911,0.040917,0.010108,0.003116,0.001022,7.4e-05,3.7e-05,0.00072,0.008676,0.010587,2.157968,0.019035,1.957401,0.103131,0.007289,0.006758,20974690,4.444215,True
10,5,10,8,2,simulated,0.000847,2.119878,0.161728,0.004607,0.000778,0.056639,0.045476,0.010389,0.003173,0.001012,7.2e-05,3.6e-05,0.000658,0.008892,0.009999,2.123432,0.018686,1.92762,0.102651,0.006676,0.006665,20974691,4.453154,True
25,1,10,8,2,simulated,0.000516,2.070086,0.366077,0.010832,0.000716,0.144708,0.120514,0.0208,0.003194,0.001021,0.000112,3.9e-05,0.000677,0.009573,0.019733,2.358339,0.048215,1.916773,0.254873,0.02396,0.016086,52431971,4.876785,True
25,2,10,8,2,simulated,0.001004,2.082709,0.362434,0.011237,0.000716,0.140345,0.108389,0.020402,0.003155,0.001009,7.3e-05,3.6e-05,0.000656,0.008811,0.02154,2.395312,0.047713,1.943029,0.253772,0.025811,0.01412,52431971,4.924136,True
25,3,10,8,2,simulated,0.000852,2.055389,0.364869,0.011361,0.000709,0.140573,0.118282,0.020247,0.003064,0.00101,7.2e-05,3.6e-05,0.000655,0.008903,0.02125,2.406344,0.048091,1.92819,0.256221,0.056921,0.014668,52431971,4.910132,True
25,4,10,8,2,simulated,0.000787,2.175374,0.364638,0.010911,0.000704,0.140613,0.120519,0.019054,0.00321,0.001127,6.6e-05,3.7e-05,0.000659,0.008844,0.019758,2.379049,0.046836,1.926785,0.254249,0.036323,0.014724,52431971,4.999679,True
25,5,10,8,2,simulated,0.000765,2.084667,0.371494,0.011026,0.00073,0.140727,0.119568,0.019291,0.003138,0.001004,6.3e-05,3.6e-05,0.000657,0.008891,0.01963,2.413345,0.046555,1.95026,0.25654,0.037152,0.01447,52431971,4.950388,True
50,1,10,8,2,simulated,0.00071,2.155728,0.701375,0.022338,0.000705,0.278932,0.230232,0.042111,0.003158,0.001014,7e-05,3.8e-05,0.000726,0.008908,0.040321,2.803993,0.095243,1.939633,0.508387,0.062346,0.027622,104860770,5.809952,True
50,2,10,8,2,simulated,0.000924,2.133442,0.704448,0.023837,0.00072,0.295052,0.227377,0.041046,0.003217,0.001016,8.4e-05,4.1e-05,0.000729,0.008999,0.041734,2.83804,0.09583,1.951231,0.518984,0.06687,0.031125,104860771,5.826029,True
50,3,10,8,2,simulated,0.000811,2.073772,0.678705,0.022021,0.000725,0.281994,0.21639,0.038281,0.003142,0.001028,6.6e-05,3.7e-05,0.000681,0.008896,0.038859,2.795156,0.093649,1.936908,0.509488,0.062084,0.027849,104860770,5.689832,True
50,4,10,8,2,simulated,0.000767,2.102895,0.692716,0.022198,0.0007,0.281506,0.234792,0.038217,0.003088,0.001006,8.7e-05,3.7e-05,0.000656,0.00884,0.040301,2.793524,0.095253,1.933089,0.513713,0.056833,0.027789,104860771,5.732714,True
50,5,10,8,2,simulated,0.000802,2.064388,0.686867,0.021924,0.000715,0.280459,0.227149,0.037907,0.003102,0.00101,7.6e-05,3.6e-05,0.000663,0.008933,0.03884,2.789462,0.094933,1.931201,0.509883,0.05727,0.027721,104860771,5.682789,True
100,1,10,8,2,simulated,0.000783,2.068517,1.423514,0.04358,0.000739,0.564007,0.490038,0.089566,0.003179,0.001067,6.4e-05,3.9e-05,0.000672,0.009027,0.092708,3.73942,0.230555,1.934076,1.048715,0.134042,0.068218,209718371,7.536431,True
100,2,10,8,2,simulated,0.00075,2.080536,1.358403,0.043671,0.000725,0.559082,0.451266,0.080194,0.003148,0.00111,6.5e-05,3.8e-05,0.000662,0.00894,0.077938,3.666885,0.212022,1.937854,1.021925,0.138223,0.066538,209718370,7.384114,True
100,3,10,8,2,simulated,0.000758,2.104624,1.343564,0.043542,0.000722,0.567705,0.439033,0.075696,0.003183,0.001013,7.2e-05,3.5e-05,0.000663,0.008838,0.077667,3.691146,0.209956,1.946745,1.024598,0.131441,0.067108,209718370,7.417452,True
100,4,10,8,2,simulated,0.001037,2.100671,1.319594,0.043261,0.000721,0.564228,0.441513,0.075045,0.003158,0.000996,8.2e-05,3.7e-05,0.00068,0.008899,0.078349,3.689384,0.219031,1.940667,1.021699,0.144237,0.065038,209718370,7.383843,True
100,5,10,8,2,simulated,0.000961,2.16389,1.328887,0.043021,0.000712,0.560022,0.443941,0.07529,0.003133,0.001067,6e-05,3.6e-05,0.000676,0.008762,0.077631,3.756148,0.210681,1.972505,1.039852,0.146492,0.060098,209718371,7.519478,True
