2026-09-01T02:18:02.465538+00:00,6fa1c63,Windows,"AMD64 Family 23 Model 96 Stepping 1, AuthenticAMD",1,1,1.006846
2026-09-01T02:18:05.623308+00:00,6fa1c63,Windows,"AMD64 Family 23 Model 96 Stepping 1, AuthenticAMD",1,2,1.004082
2026-09-01T02:18:08.754537+00:00,6fa1c63,Windows,"AMD64 Family 23 Model 96 Stepping 1, AuthenticAMD",1,3,0.997558
2026-09-01T02:18:11.876741+00:00,6fa1c63,Windows,"AMD64 Family 23 Model 96 Stepping 1, AuthenticAMD",1,4,1.00076
2026-09-01T02:18:15.015627+00:00,6fa1c63,Windows,"AMD64 Family 23 Model 96 Stepping 1, AuthenticAMD",1,5,1.000521
2026-09-01T02:18:17.967845+00:00,6fa1c63,Windows,"AMD64 Family 23 Model 96 Stepping 1, AuthenticAMD",1,6,0.827457
2026-09-01T02:18:21.117876+00:00,6fa1c63,Windows,"AMD64 Family 23 Model 96 Stepping 1, AuthenticAMD",1,7,1.006081
2026-09-01T02:18:24.250695+00:00,6fa1c63,Windows,"AMD64 Family 23 Model 96 Stepping 1, AuthenticAMD",1,8,1.004097
2026-09-01T02:18:27.348191+00:00,6fa1c63,Windows,"AMD64 Family 23 Model 96 Stepping 1, AuthenticAMD",1,9,1.002335
2026-09-01T02:18:30.486831+00:00,6fa1c63,Windows,"AMD64 Family 23 Model 96 Stepping 1, AuthenticAMD",1,10,1.008099
2026-09-01T02:18:34.406976+00:00,6fa1c63,Windows,"AMD64 Family 23 Model 96 Stepping 1, AuthenticAMD",2,1,1.744506
2026-09-01T02:18:38.571792+00:00,6fa1c63,Windows,"AMD64 Family 23 Model 96 Stepping 1, AuthenticAMD",2,2,2.054101
2026-09-01T02:18:42.643324+00:00,6fa1c63,Windows,"AMD64 Family 23 Model 96 Stepping 1, AuthenticAMD",2,3,1.922059
2026-09-01T02:18:47.129198+00:00,6fa1c63,Windows,"AMD64 Family 23 Model 96 Stepping 1, AuthenticAMD",2,4,2.369073
2026-09-01T02:18:51.187339+00:00,6fa1c63,Windows,"AMD64 Family 23 Model 96 Stepping 1, AuthenticAMD",2,5,1.969047
2026-09-01T02:18:55.267469+00:00,6fa1c63,Windows,"AMD64 Family 23 Model 96 Stepping 1, AuthenticAMD",2,6,1.96733
2026-09-01T02:18:59.293935+00:00,6fa1c63,Windows,"AMD64 Family 23 Model 96 Stepping 1, AuthenticAMD",2,7,1.87412
2026-09-01T02:19:03.288533+00:00,6fa1c63,Windows,"AMD64 Family 23 Model 96 Stepping 1, AuthenticAMD",2,8,1.751572
2026-09-01T02:19:07.469173+00:00,6fa1c63,Windows,"AMD64 Family 23 Model 96 Stepping 1, AuthenticAMD",2,9,1.963192
2026-09-01T02:19:11.562356+00:00,6fa1c63,Windows,"AMD64 Family 23 Model 96 Stepping 1, AuthenticAMD",2,10,1.96787
2026-09-01T02:19:18.022236+00:00,6fa1c63,Windows,"AMD64 Family 23 Model 96 Stepping 1, AuthenticAMD",4,1,4.299649
2026-09-01T02:19:24.061490+00:00,6fa1c63,Windows,"AMD64 Family 23 Model 96 Stepping 1, AuthenticAMD",4,2,3.922312
2026-09-01T02:19:29.958562+00:00,6fa1c63,Windows,"AMD64 Family 23 Model 96 Stepping 1, AuthenticAMD",4,3,3.779391
2026-09-01T02:19:35.555010+00:00,6fa1c63,Windows,"AMD64 Family 23 Model 96 Stepping 1, AuthenticAMD",4,4,3.47707
2026-09-01T02:19:41.589651+00:00,6fa1c63,Windows,"AMD64 Family 23 Model 96 Stepping 1, AuthenticAMD",4,5,3.896721
2026-09-01T02:19:47.999698+00:00,6fa1c63,Windows,"AMD64 Family 23 Model 96 Stepping 1, AuthenticAMD",4,6,4.262262
2026-09-01T02:19:54.050739+00:00,6fa1c63,Windows,"AMD64 Family 23 Model 96 Stepping 1, AuthenticAMD",4,7,3.944581
2026-09-01T02:20:00.130747+00:00,6fa1c63,Windows,"AMD64 Family 23 Model 96 Stepping 1, AuthenticAMD",4,8,3.883738
2026-09-01T02:20:05.568538+00:00,6fa1c63,Windows,"AMD64 Family 23 Model 96 Stepping 1, AuthenticAMD",4,9,3.313123
2026-09-01T02:20:11.595213+00:00,6fa1c63,Windows,"AMD64 Family 23 Model 96 Stepping 1, AuthenticAMD",4,10,3.916431
2026-09-01T02:20:22.019339+00:00,6fa1c63,Windows,"AMD64 Family 23 Model 96 Stepping 1, AuthenticAMD",8,1,8.307289
2026-09-01T02:20:32.240028+00:00,6fa1c63,Windows,"AMD64 Family 23 Model 96 Stepping 1, AuthenticAMD",8,2,8.105081
2026-09-01T02:20:42.096751+00:00,6fa1c63,Windows,"AMD64 Family 23 Model 96 Stepping 1, AuthenticAMD",8,3,7.754122
2026-09-01T02:20:52.398417+00:00,6fa1c63,Windows,"AMD64 Family 23 Model 96 Stepping 1, AuthenticAMD",8,4,8.21376
2026-09-01T02:21:02.627089+00:00,6fa1c63,Windows,"AMD64 Family 23 Model 96 Stepping 1, AuthenticAMD",8,5,8.106031
2026-09-01T02:21:12.638294+00:00,6fa1c63,Windows,"AMD64 Family 23 Model 96 Stepping 1, AuthenticAMD",8,6,7.898287
2026-09-01T02:21:22.956335+00:00,6fa1c63,Windows,"AMD64 Family 23 Model 96 Stepping 1, AuthenticAMD",8,7,8.211151
2026-09-01T02:21:33.162560+00:00,6fa1c63,Windows,"AMD64 Family 23 Model 96 Stepping 1, AuthenticAMD",8,8,8.087517
2026-09-01T02:21:43.233781+00:00,6fa1c63,Windows,"AMD64 Family 23 Model 96 Stepping 1, AuthenticAMD",8,9,7.801924
2026-09-01T02:21:53.500356+00:00,6fa1c63,Windows,"AMD64 Family 23 Model 96 Stepping 1, AuthenticAMD",8,10,8.11818
2026-09-01T02:22:11.728105+00:00,6fa1c63,Windows,"AMD64 Family 23 Model 96 Stepping 1, AuthenticAMD",16,1,16.047601
2026-09-01T02:22:29.883808+00:00,6fa1c63,Windows,"AMD64 Family 23 Model 96 Stepping 1, AuthenticAMD",16,2,16.05317
2026-09-01T02:22:47.785259+00:00,6fa1c63,Windows,"AMD64 Family 23 Model 96 Stepping 1, AuthenticAMD",16,3,15.802293
2026-09-01T02:23:06.013866+00:00,6fa1c63,Windows,"AMD64 Family 23 Model 96 Stepping 1, AuthenticAMD",16,4,16.111587
2026-09-01T02:23:24.088638+00:00,6fa1c63,Windows,"AMD64 Family 23 Model 96 Stepping 1, AuthenticAMD",16,5,15.944341
2026-09-01T02:23:42.251973+00:00,6fa1c63,Windows,"AMD64 Family 23 Model 96 Stepping 1, AuthenticAMD",16,6,15.99483
2026-09-01T02:24:00.346204+00:00,6fa1c63,Windows,"AMD64 Family 23 Model 96 Stepping 1, AuthenticAMD",16,7,15.988457
2026-09-01T02:24:18.429443+00:00,6fa1c63,Windows,"AMD64 Family 23 Model 96 Stepping 1, AuthenticAMD",16,8,15.990429
2026-09-01T02:24:36.574044+00:00,6fa1c63,Windows,"AMD64 Family 23 Model 96 Stepping 1, AuthenticAMD",16,9,15.967384
2026-09-01T02:24:54.747836+00:00,6fa1c63,Windows,"AMD64 Family 23 Model 96 Stepping 1, AuthenticAMD",16,10,16.087414
